NodeID, HashPower (GH/s), ElectricPower (W), ElectricityCost (USD/kWh)
1,111001.54,1383.9736,0.10751399
2,110997.02,1387.8018,0.12974991
3,111009.14,1358.4988,0.15108661
