NodeID, HashPower (GH/s), ElectricPower (W), ElectricityCost (USD/kWh), TotalCycles
1,13060.955,1386.7687,0.14744024,0.0
2,11528.597,1350.5317,0.06510195,0.0
3,10113.875,1416.3602,0.07063267,0.0
4,16310.727,1402.4916,0.09510734,0.0
5,8617.818,1399.7588,0.13301323,0.0
6,12817.112,1357.7222,0.10584002,0.0
7,10174.979,1362.6683,0.10461502,0.0
8,12934.525,1367.5562,0.12177271,0.0
9,11353.527,1347.1465,0.055984054,0.0
10,15013.952,1327.5645,0.095787935,0.0
