NodeID, HashPower (GH/s), ElectricPower (W), ElectricityCost (USD/kWh), TotalCycles
1,500000.0,1386.7687,0.14744024,1.537562E12
2,11528.597,1350.5317,0.06510195,1.7312405901265986E12
3,10113.875,1416.3602,0.07063267,2.76223986559025E12
